Username,Date,Content,Cleaned_Content
@rojoynegro1927,"Aug 15, 2023","üí£ Se espera la llegada de un cuarto central de gran envergadura, por lo tanto Pablo Ram√≥n no ocupar√° esa posici√≥n en los planes de Lisci. #mirand√©s üêóüî¥‚ö´
Mr. Suter",se espera la llegada de un cuarto central de gran envergadura por lo tanto pablo ram√≥n no ocupar√° esa posici√≥n en los planes de lisci mirand√©s
@SuterRM,"Aug 15, 2023","Replying to 
@CesarHurtado
El Mirandes va a dar la sorpresa este a√±o. Lisci es un entrenador como la copa de un pino y est√°n tirando de gente j√≥ven con much√≠sima proyecci√≥n como Alcedo o Godoy.
Marcos Fern√°ndez üëèüëèüëèüëè",el mirandes va a dar la sorpresa este a√±o lisci es un entrenador como la copa de un pino y est√°n tirando de gente j√≥ven con much√≠sima proyecci√≥n como alcedo o godoy
@markisfdez,"Aug 15, 2023","Replying to 
@MunozGorka
Vete a saber, porque de los 11 titulares solo 2 estaban en el Mirand√©s el a√±o pasado (si no me equivoco). Todav√≠a es muy pronto para juzgar, pero Lisci tambi√©n era muy buena opci√≥n.
ANILMURTHYSMO",vete a saber porque de los titulares solo estaban en el mirand√©s el a√±o pasado si no me equivoco todav√≠a es muy pronto para juzgar pero lisci tambi√©n era muy buena opci√≥n
@pepelimcasalla,"Aug 14, 2023","El problema no son las viudas de Lisci que van a salir como le vaya bien (ojal√° ). El problema es que haga lo que haga es el eterno consentido si deja en playoff al mirand√©s se dir√° que nosotros hubi√©semos subido 100% con √©l y si lodesciende que no le han dado equipo y es dios.
Granota siempre üê∏",el problema no son las viudas de lisci que van a salir como le vaya bien ojal√° el problema es que haga lo que haga es el eterno consentido si deja en playoff al mirand√©s se dir√° que nosotros hubi√©semos subido con √©l y si lodesciende que no le han dado equipo y es dios
@Cansado1909,"Aug 14, 2023","Replying to 
@GazzettaLUD
Estando libre Toni... ¬øNo te extra√±a que Lisci no haya intentado llev√°rselo al Mirand√©s?
Si alguien le conoce bien es √©l ü§î
ASenCyL",estando libre toni no te extra√±a que lisci no haya intentado llev√°rselo al mirand√©s si alguien le conoce bien es √©l
@ASenCyL,"Aug 14, 2023","Alessio Lisci, tras el triunfo del #Mirand√©s: ""El equipo ha demostrado madurez y tambi√©n supo sufrir"". Por 
@GussConde
 #ASCyL
as.com
Alessio Lisci: ‚ÄúEl equipo ha demostrado madurez y tambi√©n supo sufrir‚Äù
El entrenador del Mirand√©s se muestra satisfecho con el primer triunfo. Ahora espera la llegada de m√°s incorporaciones tras la lesi√≥n de David Vicente.
‚ûï+Africano",alessio lisci tras el triunfo del mirand√©s el equipo ha demostrado madurez y tambi√©n supo sufrir por ascyl ascom alessio lisci el equipo ha demostrado madurez y tambi√©n supo sufrir el entrenador del mirand√©s se muestra satisfecho con el primer triunfo ahora espera la llegada de m√°s incorporaciones tras la lesi√≥n de david vicente
@tacata08,"Aug 14, 2023","Ojal√° Lisci confirme   en el Mirand√©s el brillo genial que demostr√≥ en la cantera del 
@LevanteUD
 y en los √∫ltimos partidos que le dieron previos  al descenso del club. Ambicioso, con una conexi√≥n singular con sus  vestuarios y que sabe captar la empat√≠a  del jugador.
ASenCyL",ojal√° lisci confirme en el mirand√©s el brillo genial que demostr√≥ en la cantera del y en los √∫ltimos partidos que le dieron previos al descenso del club ambicioso con una conexi√≥n singular con sus vestuarios y que sabe captar la empat√≠a del jugador
@ASenCyL,"Aug 14, 2023","El nuevo #Mirand√©s de Lisci arrolla al Alcorc√≥n con plena efectividad. La cr√≥nica de la goleada jabata, por 
@GussConde
, en #ASCyL

https://as.com/futbol/el-nuevo-mirandes-de-lisci-arrolla-al-alcorcon-con-plena-efectividad-n/
Julio Franco",el nuevo mirand√©s de lisci arrolla al alcorc√≥n con plena efectividad la cr√≥nica de la goleada jabata por en ascyl
@juliofrancopr,"Aug 14, 2023","Ojo al equipo (Mirand√©s) que ha formado Alessio Lisci. Equipo muy joven pero que le ha metido 4-0 al Alcorc√≥n.
Giovanni Roales ü´°",ojo al equipo mirand√©s que ha formado alessio lisci equipo muy joven pero que le ha metido al alcorc√≥n
@GiovanniRB_,"Aug 14, 2023","Mirand√©s 4-0 Alcorc√≥n

Alessio Lisci se estrena a lo grande en el banquillo jabato coloc√°ndose l√≠der junto con el Racing ante un Alcorc√≥n que no ha empezado de la mejor manera su regreso a la segunda divisi√≥n.

#MirandesAlcorcon
C√©sar Hurtado",mirand√©s alcorc√≥n alessio lisci se estrena a lo grande en el banquillo jabato coloc√°ndose l√≠der junto con el racing ante un alcorc√≥n que no ha empezado de la mejor manera su regreso a la segunda divisi√≥n mirandesalcorcon
@CesarHurtado,"Aug 14, 2023","Alessio Lisci y su Mirand√©s ya han dado el primer golpe encima de la mesa.

Pinta a que se lo van a pasar bien en Anduva esta temporada.
Eric Mart√≠n Gasulla",alessio lisci y su mirand√©s ya han dado el primer golpe encima de la mesa pinta a que se lo van a pasar bien en anduva esta temporada
@Eric18Martin,"Aug 14, 2023","üêóüáÆüáπ  DON ALESSIO LISCI

Debut con el CD Mirand√©s, con plantilla incompleta y totalmente nueva, y l√≠deres de Segunda Divisi√≥n para empezar.


Manu Guti√©rrez",don alessio lisci debut con el cd mirand√©s con plantilla incompleta y totalmente nueva y l√≠deres de segunda divisi√≥n para empezar
@ManuGutierrez7,"Aug 14, 2023","Empieza fuerte la etapa de Alessio Lisci en el Mirand√©s y su estreno en segunda.

üëâüèªSer√°n l√≠deres, junto al Racing, salvo sorpresa.
üê£ Edad media de la plantilla de 21,9 a√±os‚Ä¶ a seguir la evoluci√≥n de este equipo.
Quote
Club Deportivo Mirand√©s",empieza fuerte la etapa de alessio lisci en el mirand√©s y su estreno en segunda ser√°n l√≠deres junto al racing salvo sorpresa edad media de la plantilla de a√±os a seguir la evoluci√≥n de este equipo quote
@CDMirandes,"Aug 14, 2023","73'‚è± | 4Ô∏è‚É£-0Ô∏è‚É£ | #Mirand√©sAlcorc√≥n

GOOOOOOOOOOOOOOOL
GOOOOOOOOOOOOOOOL
CARLOS, CARLOS, CARLOS
MENUDO ESTRENOO ‚öΩ‚öΩ

EL CUARTOOOOOOOOOOO‚ùó
El segundo de @carlos7atm

#LaD√©cima ‚ù§Ô∏èüñ§ #A√∫paMirand√©s
Show more
0:01 / 0:02
Charlie D√≠az",mirand√©salcorc√≥n goooooooooooooool goooooooooooooool carlos carlos carlos menudo estrenoo el cuartooooooooooo el segundo de lad√©cima a√∫pamirand√©s show more
@CarlosDiaz11,"Aug 14, 2023","Como empieza el Mirand√©s de Alessio Lisci. Grande allenatore.
Mario Jim√©nez",como empieza el mirand√©s de alessio lisci grande allenatore
@MarioJimenezB_,"Aug 14, 2023","Cuando un equipo empieza LaLiga con ese nivel de confianza y atrevimiento, tiene tan clara su idea y, adem√°s, tiene tal cantidad de acierto, es muy dif√≠cil superarlo.

En su salsa el Mirand√©s de Alessio Lisci. Espectacular carta de presentaci√≥n.
Joel Ruiz Losa",cuando un equipo empieza laliga con ese nivel de confianza y atrevimiento tiene tan clara su idea y adem√°s tiene tal cantidad de acierto es muy dif√≠cil superarlo en su salsa el mirand√©s de alessio lisci espectacular carta de presentaci√≥n
@JoelRuizLosa,"Aug 14, 2023","Qu√© bien me lo estoy pasando. Me parece que va a molar mucho ver al Mirand√©s este a√±o. Con Alessio Lisci en el banquillo, con un equipo joven y gente con mucho talento, y en un sitio donde se da pie a  apostar por ese perfil de f√∫tbol y de jugadores. Vaya carta de presentaci√≥n.
Quote
Club Deportivo Mirand√©s",qu√© bien me lo estoy pasando me parece que va a molar mucho ver al mirand√©s este a√±o con alessio lisci en el banquillo con un equipo joven y gente con mucho talento y en un sitio donde se da pie a apostar por ese perfil de f√∫tbol y de jugadores vaya carta de presentaci√≥n quote
@CDMirandes,"Aug 14, 2023","73'‚è± | 4Ô∏è‚É£-0Ô∏è‚É£ | #Mirand√©sAlcorc√≥n

GOOOOOOOOOOOOOOOL
GOOOOOOOOOOOOOOOL
CARLOS, CARLOS, CARLOS
MENUDO ESTRENOO ‚öΩ‚öΩ

EL CUARTOOOOOOOOOOO‚ùó
El segundo de @carlos7atm

#LaD√©cima ‚ù§Ô∏èüñ§ #A√∫paMirand√©s
Show more
Natxoinsisme",mirand√©salcorc√≥n goooooooooooooool goooooooooooooool carlos carlos carlos menudo estrenoo el cuartooooooooooo el segundo de lad√©cima a√∫pamirand√©s show more
@alvaroelmarto,"Aug 14, 2023","El Mirand√©s de don Alessio Lisci
Alberto Alguer√≥",el mirand√©s de don alessio lisci
@ajalguero,"Aug 14, 2023","Cuatro goles le est√° metiendo el Mirand√©s de Lisci al Alcorc√≥n. Equipo joven al que tengo muchas ganas de ver, con un entrenador que ya ha ense√±ado cositas.
No parece el momento oportuno para recibirlos en El Molin√≥nüòÖ.",cuatro goles le est√° metiendo el mirand√©s de lisci al alcorc√≥n equipo joven al que tengo muchas ganas de ver con un entrenador que ya ha ense√±ado cositas
@lopez9346,"Aug 22, 2023","Alessio Lisci descubre las dos caras del Mirand√©s       https://mirandes.elcorreo.com/lisci-descubre-dos-caras-mirandes-20230822101222-nt.html?ref=https%3A%2F%2Fmirandes.elcorreo.com%2F#vca=fixed-btn&vso=rrss&vmc=tw&vli=
 v√≠a 
@elcorreo_com
Un Ciudadano Ejemplar",alessio lisci descubre las dos caras del mirand√©s v√≠a
@Jus71c13ro,"Aug 21, 2023","No veo nada sobre Alessio Lisci esta jornada, que no ha jugado el mirandes? No me alegro, sinceramente ni me va ni me viene, pero la semana pasada vi mucho comentario y esta ninguno.
SOY SPORTINGUISTA",no veo nada sobre alessio lisci esta jornada que no ha jugado el mirandes no me alegro sinceramente ni me va ni me viene pero la semana pasada vi mucho comentario y esta ninguno
@ssportinguista,"Aug 20, 2023","RUEDA DE PRENSA DE ALESSIO LISCI Y DE MIGUEL ANGEL RAMIREZ, ENTRENADOR DEL MIRANDES Y EL SPORTING RESPECTIVAMENTE, ANALIZANDO EL ENCUENTRE ENTRE AMBOS EQUIPOS EN EL MOLINON
https://soysportinguista.com/2023/08/rueda-de-prensa-de-miguel-angel-ramirez_20.html
ASenCyL",rueda de prensa de alessio lisci y de miguel angel ramirez entrenador del mirandes y el sporting respectivamente analizando el encuentre entre ambos equipos en el molinon
@ASenCyL,"Aug 20, 2023","Lisci lamenta la derrota: ‚ÄúOnce minutos condicionaron el partido‚Äù #ASCyL #Mirand√©s por 
@GussConde
 
https://as.com/futbol/segunda/alessio-lisci-lamenta-la-derrota-once-minutos-condicionaron-el-partido-n/?ssm=TW_CC
 v√≠a 
@diarioas
Juan Ahuja",lisci lamenta la derrota once minutos condicionaron el partido ascyl mirand√©s por v√≠a
@juanahuja,"Aug 20, 2023","Lisci, entrenador del Mirand√©s: ‚ÄúEl Sporting est√° llamado a luchar por el Playoff‚Äù
Tribunadeorriols",lisci entrenador del mirand√©s el sporting est√° llamado a luchar por el playoff
@Tribunadeorrio1,"Aug 20, 2023","Hoy no he le√≠do mensajes sobre el Mirand√©s de M√∫nich, este finde no los entrenaba Lisci?
Alex Ari√±o",hoy no he le√≠do mensajes sobre el mirand√©s de m√∫nich este finde no los entrenaba lisci
@AlexArino_,"Aug 20, 2023","El Mirand√©s, rival del Espanyol la semana que viene, pierde 3-0 ante el Sporting en el minuto 40 de partido. La segunda divisi√≥n es totalmente impredecible. Hay que tener en cuenta que los de Alessio Lisci ven√≠an de ganar 4-0 ante el Alcorc√≥n. #RCDE",el mirand√©s rival del espanyol la semana que viene pierde ante el sporting en el minuto de partido la segunda divisi√≥n es totalmente impredecible hay que tener en cuenta que los de alessio lisci ven√≠an de ganar ante el alcorc√≥n rcde
@siemprecon,"Aug 29, 2023","Los de Alessio Lisci terminan la tercera jornada ocupando la duod√©cima posici√≥n 

#LaD√©cima
#Mirand√©s
#CDM
#CDMirand√©s
#LigaHypermotion
#HuescaMirand√©s
ASenCyL",los de alessio lisci terminan la tercera jornada ocupando la duod√©cima posici√≥n lad√©cima mirand√©s cdm cdmirand√©s ligahypermotion huescamirand√©s
@ASenCyL,"Aug 27, 2023","Lisci, tras la derrota ante el Espanyol: ""En el √∫ltimo tercio ten√≠amos que haber hecho algo m√°s"". Por 
@GussConde
 #Mirand√©s #ASCyL",lisci tras la derrota ante el espanyol en el √∫ltimo tercio ten√≠amos que haber hecho algo m√°s por
@siemprecon,"Sep 4, 2023","üéôÔ∏è Declaraciones de Alessio Lisci tras el #HuescaMirand√©s

""La primera media hora creo que merecimos bastante ponernos por delante en el marcador""

""Los puntos de la clasificaci√≥n quiz√°s no reflejan todo lo que hemos generado""
El Rompedor",declaraciones de alessio lisci tras el huescamirand√©s la primera media hora creo que merecimos bastante ponernos por delante en el marcador los puntos de la clasificaci√≥n quiz√°s no reflejan todo lo que hemos generado
@RompedorLUD,"Sep 4, 2023","No es por nada pero el Mirandes ha ganado un partido, ha empatado dos y ha perdido uno, pero resulta que hay que endiosar a la gente, yo lo siento por Lisci pero lo peor de √©l no es √©l, son los palmeros que le endiosan
BURGOSconecta",no es por nada pero el mirandes ha ganado un partido ha empatado dos y ha perdido uno pero resulta que hay que endiosar a la gente yo lo siento por lisci pero lo peor de √©l no es √©l son los palmeros que le endiosan
@burgosconecta,"Sep 4, 2023","Alessio Lisci: ¬´Los puntos de la clasificaci√≥n no reflejan todo lo que hemos generado¬ª #Mirand√©s http://leer.burgosconecta.es/stwbp2
ASenCyL",alessio lisci los puntos de la clasificaci√≥n no reflejan todo lo que hemos generado mirand√©s
@ASenCyL,"Sep 4, 2023","Lisci, entrenador del #Mirand√©s: ‚ÄúDebemos trabajar para que todo lo que generamos se convierta en puntos‚Äù #ASCyL por 
@GussConde
  
https://as.com/futbol/debemos-trabajar-para-que-todo-lo-que-generamos-se-convierta-en-puntos-n/?ssm=TW_CC
 a trav√©s de 
@diarioas",lisci entrenador del mirand√©s debemos trabajar para que todo lo que generamos se convierta en puntos ascyl por a trav√©s de
@MarioJimenezB_,"Sep 11, 2023","Es un gran punto este. √Ålvaro Sanz y Tachi se est√°n entendiendo muy bien en el medio, pero es que Reina demostr√≥ tambi√©n mucho nivel en los primeros partidos. Y, luego, adem√°s, hay otros futbolistas como Tomeo. Tiene un -bendito- problema Lisci en ese doble pivote del Mirand√©s.
Quote
Mirand√©s 50puntos-üèÅ4Ô∏è‚É£1Ô∏è‚É£",es un gran punto este √°lvaro sanz y tachi se est√°n entendiendo muy bien en el medio pero es que reina demostr√≥ tambi√©n mucho nivel en los primeros partidos y luego adem√°s hay otros futbolistas como tomeo tiene un bendito problema lisci en ese doble pivote del mirand√©s quote
@50puntos1,"Sep 11, 2023","Replying to @MarioJimenezB_
Parece que @alber_rb4 Tachi es el complemento ideal de @alvaro_saanz.

Me da pena que en este esquema sea dif√≠cil el encaje de @AlbertoReina10. Y pronto el de Barza. 

Bendito problema
Show more
maratonianoveloz",parece que tachi es el complemento ideal de me da pena que en este esquema sea dif√≠cil el encaje de y pronto el de barza bendito problema show more
@marcmaraton,"Sep 11, 2023","Replying to 
@sercamtor1
Som la polla en vinagre....i va guanyar el Mirandes de Lisci
ASenCyL",som la polla en vinagrei va guanyar el mirandes de lisci
@ASenCyL,"Sep 11, 2023","Alessio Lisci, entrenador del #Mirand√©s: ‚ÄúHay que saber cu√°ndo debe morir un partido‚Äù #ASCyL por 
@GussConde
  
https://as.com/futbol/segunda/alessio-lisci-hay-que-saber-cuando-debe-morir-un-partido-n/?ssm=TW_CC
 a trav√©s de 
@diarioas
Mario Jim√©nez",alessio lisci entrenador del mirand√©s hay que saber cu√°ndo debe morir un partido ascyl por a trav√©s de
@MarioJimenezB_,"Sep 11, 2023","Recital del Mirand√©s en el 1T vs Andorra. Muy superior por valent√≠a, yendo arriba, robando mucho en campo contrario y llegando a la porter√≠a de Ratti. Hace dos goles, pero podr√≠a haber hecho varios m√°s. Especialmente da√±ino Gabri desde la izquierda. Equipo muy serio el de Lisci.
Mario Jim√©nez",recital del mirand√©s en el t vs andorra muy superior por valent√≠a yendo arriba robando mucho en campo contrario y llegando a la porter√≠a de ratti hace dos goles pero podr√≠a haber hecho varios m√°s especialmente da√±ino gabri desde la izquierda equipo muy serio el de lisci
@MarioJimenezB_,"Sep 11, 2023","No es f√°cil presionar alto al Andorra, hay que ser muy preciso en los saltos porque tiene muchos recursos en salida. Por eso, tiene m√©rito el inicio del Mirand√©s, siendo valiente y robando mucho en campo contrario, que no es lo habitual. Es un ba√±o de los de Lisci.
Nachenko69",no es f√°cil presionar alto al andorra hay que ser muy preciso en los saltos porque tiene muchos recursos en salida por eso tiene m√©rito el inicio del mirand√©s siendo valiente y robando mucho en campo contrario que no es lo habitual es un ba√±o de los de lisci
@Nachenko69,"Sep 10, 2023","Menos mal que en la #LigaHypermotion cada vez hay m√°s entrenadores y equipos que quieren que pasen cosas, provocar fallos del rival, no esperarlos, algo atractivo.

Lisci va a llegar lejos. 
El Mirand√©s marca 4 goles con el 27% de posesi√≥n, 17 tiros y 6 a puerta.
Adicto Futbol",menos mal que en la ligahypermotion cada vez hay m√°s entrenadores y equipos que quieren que pasen cosas provocar fallos del rival no esperarlos algo atractivo lisci va a llegar lejos el mirand√©s marca goles con el de posesi√≥n tiros y a puerta
@AdictoFutbolES,"Sep 10, 2023","Insuperable partido este Mirand√©s vs Andorra.

Tantos giros de gui√≥n como golazos de fantas√≠a que finaliza con un tac√≥n de Carlos Mart√≠n en el 97'.

Propuestas muy divertidas de Lisci y Sarabia, como siempre.


MATEO VILLAR",insuperable partido este mirand√©s vs andorra tantos giros de gui√≥n como golazos de fantas√≠a que finaliza con un tac√≥n de carlos mart√≠n en el propuestas muy divertidas de lisci y sarabia como siempre
@mateovillarDT,"Sep 10, 2023","El nivel de Carlos Martin en 2¬∫ divisi√≥n ‚Ä¶ Y este Mirandes de Alessio Lisci es para sentarse a disfrutarlo ‚öΩÔ∏è‚öΩÔ∏è
Œ£RIC",el nivel de carlos martin en divisi√≥n y este mirandes de alessio lisci es para sentarse a disfrutarlo
@ericduro11,"Sep 10, 2023","Que partidazo el Mirand√©s-Andorra, locura. Viudas de Alessio Lisci. 4-3 a favor en el 98'
Eric Mart√≠n Gasulla",que partidazo el mirand√©sandorra locura viudas de alessio lisci a favor en el
@Eric18Martin,"Sep 10, 2023","El CD Mirand√©s cada a√±o pesca aut√©nticos talentos para #LaLigaHypermotion.

Sin duda, GABRI MART√çNEZ es uno de esos caramelitos que ya est√° haciendo de las suyas en Anduva y que Alessio Lisci est√° sabiendo aprovechar. üîù
Jos√© Miguel Alonso €û",el cd mirand√©s cada a√±o pesca aut√©nticos talentos para laligahypermotion sin duda gabri mart√≠nez es uno de esos caramelitos que ya est√° haciendo de las suyas en anduva y que alessio lisci est√° sabiendo aprovechar
@jmiguel_AC,"Sep 10, 2023","Lo dir√© antes de que lo diga 
@khalkrueger
, el Mirand√©s es un equipo que gusta ver. Es un ecosistema propio para ceder jugadores j√≥venes. Creo que el fichaje de Alessio Lisci es muy acertado.",lo dir√© antes de que lo diga
@jimmymateos,"Sep 19, 2023","Replying to 
@jimmymateos
üë†CARLOS MARTIN, MIRAND√âS (21 A√ëOS)

Pichichi con 5 goles y 1 asistencia en 525 minutos. El canterano del Atl√©tico se ha postulado como fijo en el 11 de Lisci, jugando como 2¬∫ delantero aunque se mueve por todo el frente de ataque. Part√≠cipe en el 67% de los goles del Mirand√©s.
ASenCyL",carlos martin mirand√©s a√±os pichichi con goles y asistencia en minutos el canterano del atl√©tico se ha postulado como fijo en el de lisci jugando como delantero aunque se mueve por todo el frente de ataque part√≠cipe en el de los goles del mirand√©s
@ASenCyL,"Sep 17, 2023","üó£Ô∏è Lisci, muy cr√≠tico: ""Este partido lo perdimos el otro d√≠a con el 4-3""

El entrenador del #Mirand√©s lament√≥ su falta de intensidad para defender las acciones de los dos goles. Despu√©s hubo control, pero sin intenci√≥n.

‚úçüèº 
@GussConde
 #ASCyL
as.com
Lisci, muy cr√≠tico: ‚ÄúEste partido lo perdimos el otro d√≠a con el 4-3‚Äù
El entrenador del Mirand√©s lament√≥ el mal inicio de su equipo al que le falt√≥ mucha intensidad para defender las acciones de los dos goles.
Mario Jim√©nez",lisci muy cr√≠tico este partido lo perdimos el otro d√≠a con el el entrenador del mirand√©s lament√≥ su falta de intensidad para defender las acciones de los dos goles despu√©s hubo control pero sin intenci√≥n ascyl ascom lisci muy cr√≠tico este partido lo perdimos el otro d√≠a con el el entrenador del mirand√©s lament√≥ el mal inicio de su equipo al que le falt√≥ mucha intensidad para defender las acciones de los dos goles
@MarioJimenezB_,"Sep 17, 2023","‚ÄúEste partido lo perdemos cuando hacemos el 4-3 la semana pasada. Nos hemos cre√≠do que somos el mejor equipo del mundo. Esta categor√≠a requiere unos m√≠nimos y si no los damos dos d√≠as seguidos vamos a tener un problema‚Äù.

El cabreo de Lisci tras la derrota del Mirand√©s.",este partido lo perdemos cuando hacemos el la semana pasada nos hemos cre√≠do que somos el mejor equipo del mundo esta categor√≠a requiere unos m√≠nimos y si no los damos dos d√≠as seguidos vamos a tener un problema
@MarioJimenezB_,"Sep 25, 2023","En las caracter√≠sticas del Mirand√©s, Alberto Reina encaja muy bien. Es un mediocentro muy din√°mico, con buen pie para dar continuidad + visi√≥n de juego para superar l√≠neas. Toca y se ofrece constantemente. Es un perfil top para Lisci, que con Tachi est√° buscando m√°s contenci√≥n.
Mirand√©s 50puntos-üèÅ4Ô∏è‚É£1Ô∏è‚É£",en las caracter√≠sticas del mirand√©s alberto reina encaja muy bien es un mediocentro muy din√°mico con buen pie para dar continuidad visi√≥n de juego para superar l√≠neas toca y se ofrece constantemente es un perfil top para lisci que con tachi est√° buscando m√°s contenci√≥n
@50puntos1,"Sep 25, 2023","Replying to 
@50puntos1
No s√© si necesitamos delanteros tipo Marton o nos vale con Carlos arriba y a cambio acompa√±ar con un pelotero m√°s a Sanz. En la plantilla hay jugadores y calidad y en el banco creo que podemos confiar en Lisci como el primer d√≠a
ASenCyL",no s√© si necesitamos delanteros tipo marton o nos vale con carlos arriba y a cambio acompa√±ar con un pelotero m√°s a sanz en la plantilla hay jugadores y calidad y en el banco creo que podemos confiar en lisci como el primer d√≠a
@ASenCyL,"Sep 24, 2023","Lisci: ""Dormimos en descenso, pero no hay que ponerse nerviosos"". Por 
@GussConde
 #Mirand√©s #ASCyL

https://as.com/futbol/segunda/lisci-dormimos-en-descenso-pero-no-hay-que-ponerse-nerviosos-n/
El Rompedor",lisci dormimos en descenso pero no hay que ponerse nerviosos por mirand√©s ascyl
@RompedorLUD,"Sep 24, 2023","Hoy el Mirand√©s de Lisci ha perdido, igual que el Granada de Pacolo
Que sigue el juego",hoy el mirand√©s de lisci ha perdido igual que el granada de pacolo
@fdt_10,"Sep 24, 2023","A Lisci se le est√° poniendo una cara de Lolo Escobar‚Ä¶. Imagen muy preocupante del Mirand√©s hoy.
Up The Irons!!",a lisci se le est√° poniendo una cara de lolo escobar imagen muy preocupante del mirand√©s hoy
@miguelrockon1,"Sep 24, 2023",Ni el Granada de Paco L√≥pez ni el Mirand√©s de Alessio Lisci carburan.,ni el granada de paco l√≥pez ni el mirand√©s de alessio lisci carburan
@FSportAsesores,"Oct 2, 2023","El entrenador del Mirand√©s, Lisci,  declar√≥ despu√©s de ganar en La Romareda que el Zaragoza mereci√≥ m√°s. Me ha recordado a Lillo cuando, hace a√±os, su equipo, el Oviedo, venci√≥ al Valladolid en Zorrilla y declar√≥: ""Somos un equipo mentiroso porque no hemos merecido ganar""
BURGOSconecta",el entrenador del mirand√©s lisci declar√≥ despu√©s de ganar en la romareda que el zaragoza mereci√≥ m√°s me ha recordado a lillo cuando hace a√±os su equipo el oviedo venci√≥ al valladolid en zorrilla y declar√≥ somos un equipo mentiroso porque no hemos merecido ganar
@burgosconecta,"Oct 2, 2023","Lisci, entrenador del #Mirand√©s: ¬´Son tres puntos de oro¬ª http://leer.burgosconecta.es/psmpb2
Fondo Segunda",lisci entrenador del mirand√©s son tres puntos de oro
@FondoSegunda,"Oct 1, 2023","üí¨ ""El par√≥n de agua ha sido fundamental porque les he explicado lo que ten√≠amos que hacer para poder marcar gol"".

Alessio Lisci y los curiosos ajustes del CD Mirand√©s en la segunda parte para asaltar La Romareda.
0:00 / 1:09
ASenCyL",el par√≥n de agua ha sido fundamental porque les he explicado lo que ten√≠amos que hacer para poder marcar gol alessio lisci y los curiosos ajustes del cd mirand√©s en la segunda parte para asaltar la romareda
@ASenCyL,"Oct 1, 2023","Lisci, entrenador del #Mirand√©s, tras la victoria en Zaragoza: ‚ÄúSon tres puntos de oro‚Äù #ASCyL por 
@GussConde
 
https://as.com/futbol/segunda/lisci-tras-la-victoria-en-zaragoza-son-tres-puntos-de-oro-n/?ssm=TW_CC
 a trav√©s de 
@diarioas
beatriz",lisci entrenador del mirand√©s tras la victoria en zaragoza son tres puntos de oro ascyl por a trav√©s de
@b_binsa,"Oct 1, 2023","Replying to 
@Eloy3008
Alessio Lisci, t√©cnico del Mirand√©s: ""El #RealZaragoza ha hecho un gran partido y ha merecido m√°s. Las cosas como son""
Jorge L√≥pez",alessio lisci t√©cnico del mirand√©s el realzaragoza ha hecho un gran partido y ha merecido m√°s las cosas como son
@lopez9346,"Oct 1, 2023","Tercera victoria de la temporada para Alessio Lisci como entrenador del 
@CDMirandes
 y segunda porter√≠a a cero.

‚úÖ Mirand√©s 4-0 Alcorc√≥n
‚úÖ Mirand√©s 4-3 Andorra
‚úÖ Zaragoza 0-1 Mirand√©s
Mundo Blanquillo ü¶Å",tercera victoria de la temporada para alessio lisci como entrenador del y segunda porter√≠a a cero mirand√©s alcorc√≥n mirand√©s andorra zaragoza mirand√©s
@MBlanquillo1932,"Oct 1, 2023","üó£Ô∏è Alessio Lisci, t√©cnico del Mirand√©s: ""El #RealZaragoza ha hecho un gran partido y ha merecido m√°s. Las cosas como son""
Marat",alessio lisci t√©cnico del mirand√©s el realzaragoza ha hecho un gran partido y ha merecido m√°s las cosas como son
@GeneralManagerX,"Oct 1, 2023","Intanto il #Mirandes di 
@Alelisci
 fa il colpaccio a Zaragoza contro la seconda in classifica. Tre punti d‚Äôoro per una squadra che punta alla salvezza.

#AlessioLisci #Lisci
Marcos L√≥pez Arag√≥n üïµÔ∏è‚Äç‚ôÇÔ∏è",intanto il mirandes di fa il colpaccio a zaragoza contro la seconda in classifica tre punti doro per una squadra che punta alla salvezza alessiolisci lisci
@marcoslopezarag,"Oct 1, 2023","Replying to 
@marcoslopezarag
0-0 HT #RealZaragozaMirand√©s ‚ö™Ô∏èüîµüÜöüî¥‚ö´Ô∏è Ante la acumulaci√≥n de jugadores en ataque del Zaragoza, el Mirand√©s parte de un 1-4-4-2 bloque medio pero repliega a bloque bajo en 1-5-3-2 üü• Roja a Sergi Enrich, veremos si Lisci cambia t√°ctica al descanso ‚öΩÔ∏è #LALIGAHYPERMOTION #LALIGA",
@ASenCyL,"Oct 7, 2023","üîé Las cinco claves del rival del #Pucela: #Mirand√©s

El cambio de dibujo de Alessio Lisci no ha acarreado tanta mejora a los rojillos como querr√≠a el rival del Real Valladolid.

‚úçÔ∏èüèº 
@JesuDominguez
 #ASCyL
as.com
Las cinco claves del rival del Pucela: Mirand√©s
El cambio de dibujo de Alessio Lisci no ha acarreado tanta mejora a los rojillos como querr√≠a el rival del Real Valladolid.
üêóCDM 24/25‚≠ê",las cinco claves del rival del pucela mirand√©s el cambio de dibujo de alessio lisci no ha acarreado tanta mejora a los rojillos como querr√≠a el rival del real valladolid ascyl ascom las cinco claves del rival del pucela mirand√©s el cambio de dibujo de alessio lisci no ha acarreado tanta mejora a los rojillos como querr√≠a el rival del real valladolid
@davidkomando,"Oct 7, 2023","üéôÔ∏è LA PREVIA |  Real Valladolid CF - CD Mirand√©s, Alessio Lisci. https://youtu.be/Q72w--gEGJ8?si=xrQtK6syP0OcerwA
 a trav√©s de 
@YouTube
SCV Mirand√©s",la previa real valladolid cf cd mirand√©s alessio lisci a trav√©s de
@siemprecon,"Oct 7, 2023","üéôÔ∏è LA PREVIA |  Real Valladolid CF - CD Mirand√©s, Alessio Lisci. https://youtu.be/Q72w--gEGJ8?si=QpHOuOrBdk9NNvuP
 a trav√©s de 
@YouTube
ASenCyL",la previa real valladolid cf cd mirand√©s alessio lisci a trav√©s de
@ASenCyL,"Oct 7, 2023","Alessio Lisci, entrenador del #Mirandes, antes del partido del #Pucela: ‚ÄúSer√° un partido de momentos‚Äù #ASCyL por 
@GussConde
 
https://as.com/futbol/segunda/alessio-lisci-sera-un-partido-de-momentos-n/?ssm=TW_CC
 v√≠a 
@diarioas
as.com
Alessio Lisci: ‚ÄúSer√° un partido de momentos‚Äù
El Mirand√©s visita Valladolid tras perder en Anduva ante el Legan√©s. Los rojillos necesitan mejorar la imagen y, sobre todo, mostrarse m√°s contundentes.
·ó©√∫·ë≠·ó© ·ë≠·ëå·ëïE·í™·ó©.ùó∞ùóºùó∫",alessio lisci entrenador del mirandes antes del partido del pucela ser√° un partido de momentos ascyl por v√≠a ascom alessio lisci ser√° un partido de momentos el mirand√©s visita valladolid tras perder en anduva ante el legan√©s los rojillos necesitan mejorar la imagen y sobre todo mostrarse m√°s contundentes
@AupaPucelaCom,"Oct 6, 2023","Alessio Lisci: ‚ÄúHay jugadores que no tuvieron la actitud correcta‚Äù

üîó https://as.com/futbol/segunda/alessio-lisci-hay-jugadores-que-no-tuvieron-la-actitud-correcta-n/?ssm=TW_CC

‚úçÔ∏è 
@diarioas


Sin dar nombres, el entrenador del Mirand√©s se mostr√≥ muy cr√≠tico con la actuaci√≥n de su equipo que perdi√≥ ante el Eibar en Anduva, donde cometieron errores de bulto
as.com
Alessio Lisci: ‚ÄúHay jugadores que no tuvieron la actitud correcta‚Äù
Sin dar nombres, el entrenador del Mirand√©s se mostr√≥ muy cr√≠tico con la actuaci√≥n de su equipo que perdi√≥ ante el Eibar en Anduva.
ASenCyL",alessio lisci hay jugadores que no tuvieron la actitud correcta sin dar nombres el entrenador del mirand√©s se mostr√≥ muy cr√≠tico con la actuaci√≥n de su equipo que perdi√≥ ante el eibar en anduva donde cometieron errores de bulto ascom alessio lisci hay jugadores que no tuvieron la actitud correcta sin dar nombres el entrenador del mirand√©s se mostr√≥ muy cr√≠tico con la actuaci√≥n de su equipo que perdi√≥ ante el eibar en anduva
@ASenCyL,"Oct 5, 2023","Alessio Lisci, entrenador del #Mirand√©s: ‚ÄúHay jugadores que no tuvieron la actitud correcta‚Äù, por 
@GussConde
 #ASCyL",alessio lisci entrenador del mirand√©s hay jugadores que no tuvieron la actitud correcta por
@unaisnxzz,"Oct 10, 2023","Replying to 
@unaisnxzz
Visitas al Valladolid. Equipo que viene de 4 victorias consecutivas. 
Lisci, vuelve a apostar por el 5-3-2 y por un nuevo cambio en la porter√≠a. Vuelve Ram√≥n JR.
Primera parte, el Mirand√©s bien plantado no dejando combinar al Pucela por dentro, oblig√°ndole a jugar por fuera.

üëáüèª
Eric √Ålvarez",visitas al valladolid equipo que viene de victorias consecutivas lisci vuelve a apostar por el y por un nuevo cambio en la porter√≠a vuelve ram√≥n jr primera parte el mirand√©s bien plantado no dejando combinar al pucela por dentro oblig√°ndole a jugar por fuera
@Ericlvarez16,"Oct 8, 2023","Replying to 
@AlexandrePiris
Y ser√≠a muy importante sacar esos 3 puntos, porque despu√©s tienes que ir a Tenerife y Andorra, luego recibir al Mirand√©s de Lisci que ojito (1-2 aqu√≠ el a√±o pasado siendo peor equipo que ahora) e ir a Butarque contra un Legan√©s en racha
BURGOSconecta",y ser√≠a muy importante sacar esos puntos porque despu√©s tienes que ir a tenerife y andorra luego recibir al mirand√©s de lisci que ojito aqu√≠ el a√±o pasado siendo peor equipo que ahora e ir a butarque contra un legan√©s en racha
@burgosconecta,"Oct 8, 2023","Lisci, entrenador del #Mirand√©s: ¬´Hemos tirado los tres puntos¬ª http://leer.burgosconecta.es/hp0ch2
ASenCyL",lisci entrenador del mirand√©s hemos tirado los tres puntos
@ASenCyL,"Oct 8, 2023","Lisci, entrenador de #Mirand√©s, tras la derrota ante el #Pucela: ‚ÄúHemos tirado los tres puntos‚Äù #ASCyL por 
@GussConde
  
https://as.com/futbol/segunda/lisci-tras-la-derrota-hemos-tirado-los-tres-puntos-n/?ssm=TW_CC
 a trav√©s de 
@diarioas
From as.com
Mario Jim√©nez",lisci entrenador de mirand√©s tras la derrota ante el pucela hemos tirado los tres puntos ascyl por a trav√©s de from ascom
@MarioJimenezB_,"Oct 8, 2023","Me est√° gustando el Mirand√©s sin bal√≥n, muy ordenado y ancho en bloque medio/bajo, con cinco atr√°s y Sanz por delante de Reina y Tomeo. Al Pucela le falta ritmo con pelota, le est√° costando mucho abrirle. Versi√≥n muy competitiva de los de Lisci en el 1T, m√°s a√∫n por c√≥mo ven√≠an.",me est√° gustando el mirand√©s sin bal√≥n muy ordenado y ancho en bloque mediobajo con cinco atr√°s y sanz por delante de reina y tomeo al pucela le falta ritmo con pelota le est√° costando mucho abrirle versi√≥n muy competitiva de los de lisci en el t m√°s a√∫n por c√≥mo ven√≠an
